{
    "tnc_capacity": 10000,
    "final_allocation": {
        "TNC": [
            1.1552031499452152e-44,
            99.47438124822445,
            2.5253518595627868e-14,
            2.009374614923167e-08
        ],
        "MT": [
            3.519728619926261,
            0.2940242333814209,
            99.99999999999919,
            99.99999997914423
        ],
        "MaaS": [
            146.48027138007348,
            0.2315945183940346,
            2.0126400762917752e-12,
            7.619575505663884e-10
        ]
    },
    "tnc_params": {
        "fare": 5.783893701091166,
        "capacity_ratio_to_MaaS": 0.3788963590803809,
        "lambda_T": 0.0
    },
    "maas_params": {
        "fare": 1.4651242049268633,
        "share_TNC": 0.5949761961402826,
        "lambda_M": 1.3360304111502141
    },
    "profits": {
        "tnc_profit": 2841.5151198461754,
        "maas_profit": -9242.936974962455
    }
}