{
    "tnc_capacity": 10000,
    "final_allocation": {
        "TNC": [
            5.391702909002596e-09,
            100.0,
            93.62344958514291,
            94.5467944141334
        ],
        "MT": [
            27.545305793561937,
            4.4712828952831947e-35,
            6.376550414581889,
            3.9204812894066263
        ],
        "MaaS": [
            122.45469420104546,
            2.6082476450636464e-75,
            2.7552338080672646e-10,
            1.532724296458686
        ]
    },
    "tnc_params": {
        "fare": 4.142359102161361,
        "capacity_ratio_to_MaaS": 0.07490748158852006,
        "lambda_T": 0.0
    },
    "maas_params": {
        "fare": 0.2824897434263393,
        "share_TNC": 0.0,
        "lambda_M": 0.4047921783152634
    },
    "profits": {
        "tnc_profit": 14015.915247618796,
        "maas_profit": -1672.8903062814384
    }
}