{
    "tnc_capacity": 10000,
    "final_allocation": {
        "TNC": [
            7.363210192631297e-07,
            4.030173808119159e-15,
            0.0067899012138290474,
            2.287461509240413
        ],
        "MT": [
            149.98764147871162,
            99.99997754926876,
            99.88639742828504,
            89.61103358739413
        ],
        "MaaS": [
            0.012357784967239018,
            2.245073123304123e-05,
            0.10681267050104029,
            8.101504903365452
        ]
    },
    "tnc_params": {
        "fare": 1.9786477283328672,
        "capacity_ratio_to_MaaS": 0.4742962813822922,
        "lambda_T": 0.0
    },
    "maas_params": {
        "fare": 1.0030442608434105,
        "share_TNC": 0.30000455983328056,
        "lambda_M": 0.9597940905108788
    },
    "profits": {
        "tnc_profit": -3346.8687597064336,
        "maas_profit": -4441.629618787257
    }
}