{
    "tnc_capacity": 2000000,
    "final_allocation": {
        "TNC": [
            78569.9104368943
        ],
        "MT": [
            1427.7381217443767
        ],
        "MaaS": [
            2.3514413615328733
        ]
    },
    "tnc_params": {
        "fare": 1.9977606869965774,
        "capacity_ratio_to_MaaS": 0.0011686088414470236,
        "lambda_T": 0.0
    },
    "maas_params": {
        "fare": 0.6691951562246155,
        "share_TNC": 0.5321253033463937,
        "lambda_M": 0.0
    },
    "profits": {
        "tnc_profit": 2834679.732624458,
        "maas_profit": -2164.0708339823927
    }
}