{
    "tnc_capacity": 1600,
    "final_allocation": {
        "TNC": [
            78.19824743308969
        ],
        "MT": [
            1.8017525669102374
        ],
        "MaaS": [
            1.6462674148185907e-240
        ]
    },
    "tnc_params": {
        "fare": 1.5857362081963609,
        "capacity_ratio_to_MaaS": 0.0,
        "lambda_T": 0.0
    },
    "maas_params": {
        "fare": 1.2132124011103878,
        "share_TNC": 0.7623703666234763,
        "lambda_M": 0.0
    },
    "profits": {
        "tnc_profit": 1972.0501864201565,
        "maas_profit": 3.877183509736788e-239
    }
}