{
    "tnc_capacity": 1200,
    "final_allocation": {
        "TNC": [
            47.073523446385494
        ],
        "MT": [
            12.85085461038467
        ],
        "MaaS": [
            20.075621943229898
        ]
    },
    "tnc_params": {
        "fare": 1.4815066871149005,
        "capacity_ratio_to_MaaS": 0.2033527610414974,
        "lambda_T": 0.0
    },
    "maas_params": {
        "fare": 1.4493330312087132,
        "share_TNC": 0.513984811686942,
        "lambda_M": 0.0
    },
    "profits": {
        "tnc_profit": 1208.9991405654523,
        "maas_profit": 171.36764159710134
    }
}