{
    "tnc_capacity": 400000,
    "final_allocation": {
        "TNC": [
            19929.864087964776
        ],
        "MT": [
            60070.13584707502
        ],
        "MaaS": [
            6.49599761718421e-05
        ]
    },
    "tnc_params": {
        "fare": 1.0407334869938178,
        "capacity_ratio_to_MaaS": 0.0,
        "lambda_T": 0.0
    },
    "maas_params": {
        "fare": 0.9980227747039219,
        "share_TNC": 0.29732763966342973,
        "lambda_M": 0.0
    },
    "profits": {
        "tnc_profit": 268266.9545322525,
        "maas_profit": 0.0011140483941381473
    }
}