{
    "tnc_capacity": 400000,
    "final_allocation": {
        "TNC": [
            19514.30921714594
        ],
        "MT": [
            60015.75055767375
        ],
        "MaaS": [
            469.9402251799009
        ]
    },
    "tnc_params": {
        "fare": 0.9450317200546839,
        "capacity_ratio_to_MaaS": 0.01901406512520956,
        "lambda_T": 0.0987839153485975
    },
    "maas_params": {
        "fare": 0.6686743512034728,
        "share_TNC": 0.24533455079210206,
        "lambda_M": 0.0
    },
    "profits": {
        "tnc_profit": 158003.26072899357,
        "maas_profit": -11416.510434435433
    }
}