{
    "tnc_capacity": 3000,
    "final_allocation": {
        "TNC": [
            1.0858598751097805,
            1.5084887703425978e-05,
            80.42028755672114,
            82.14863969981175
        ],
        "MT": [
            0.3541414768215152,
            26.42642916684156,
            0.0005190667192007362,
            0.0007960443532337144
        ],
        "MaaS": [
            148.55999864806847,
            73.57355574827076,
            19.57919337655953,
            17.85056425583489
        ]
    },
    "tnc_params": {
        "fare": 1.7557100492129447,
        "capacity_ratio_to_MaaS": 0.27825591617612944,
        "lambda_T": 0.0
    },
    "maas_params": {
        "fare": 0.8649011221728083,
        "share_TNC": 0.23066623031236533,
        "lambda_M": 0.9989007597585405
    },
    "profits": {
        "tnc_profit": 59.66143376146556,
        "maas_profit": 1207.0487259172853
    }
}