{
    "tnc_capacity": 2000,
    "final_allocation": {
        "TNC": [
            55.32639403159901,
            3.2842185029675625e-29,
            6.029346367002535e-22
        ],
        "MT": [
            144.67360596840015,
            149.99999999999847,
            99.9999999999992
        ],
        "MaaS": [
            2.9539586717711048e-59,
            5.0202504015020656e-67,
            4.224342898145996e-58
        ]
    },
    "tnc_params": {
        "fare": 2.5709074117829656,
        "capacity_ratio_to_MaaS": 0.0,
        "lambda_T": 0.998332021583411
    },
    "maas_params": {
        "fare": 3.0,
        "share_TNC": 0.2000000000000002,
        "lambda_M": 0.9999975
    },
    "profits": {
        "tnc_profit": -13202.677577160553,
        "maas_profit": 7.187181658736398e-57
    }
}