{
    "tnc_capacity": 2000,
    "final_allocation": {
        "TNC": [
            0.2502504801021445,
            3.491680063510277e-07,
            78.69674998497871,
            81.39170859473612
        ],
        "MT": [
            0.6406322934422004,
            26.408357471982946,
            0.0018036849498512413,
            0.001768928706472236
        ],
        "MaaS": [
            149.10911722645545,
            73.591642178849,
            21.30144633007137,
            18.606522476557302
        ]
    },
    "tnc_params": {
        "fare": 1.87578054718459,
        "capacity_ratio_to_MaaS": 0.20105931249582698,
        "lambda_T": 0.38762224963412945
    },
    "maas_params": {
        "fare": 0.7165954544625709,
        "share_TNC": 0.10372474399699667,
        "lambda_M": 0.9994320378828921
    },
    "profits": {
        "tnc_profit": 495.60939973623726,
        "maas_profit": 1038.7603492248547
    }
}