{
    "tnc_capacity": 800000,
    "final_allocation": {
        "TNC": [
            39881.498889584036
        ],
        "MT": [
            39089.14849059527
        ],
        "MaaS": [
            1029.3526198228765
        ]
    },
    "tnc_params": {
        "fare": 0.9968702787052611,
        "capacity_ratio_to_MaaS": 0.0,
        "lambda_T": 0.0
    },
    "maas_params": {
        "fare": 0.7591041041768692,
        "share_TNC": 0.2541545680938381,
        "lambda_M": 0.0
    },
    "profits": {
        "tnc_profit": 363187.06557080965,
        "maas_profit": 13324.502119108565
    }
}