{
    "tnc_capacity": 800000,
    "final_allocation": {
        "TNC": [
            39925.07526195502
        ],
        "MT": [
            40074.92450206868
        ],
        "MaaS": [
            0.00023597565711651577
        ]
    },
    "tnc_params": {
        "fare": 1.089289006592324,
        "capacity_ratio_to_MaaS": 0.0,
        "lambda_T": 0.0
    },
    "maas_params": {
        "fare": 0.9980726359006764,
        "share_TNC": 0.2966290834622562,
        "lambda_M": 0.0
    },
    "profits": {
        "tnc_profit": 592718.4759661248,
        "maas_profit": 0.004046503265226943
    }
}