{
    "tnc_capacity": 4000,
    "final_allocation": {
        "TNC": [
            120.2681953010293,
            2.334574404487911e-26,
            6.274445919819707e-20
        ],
        "MT": [
            79.73180469897054,
            149.99999999999847,
            99.9999999999992
        ],
        "MaaS": [
            6.883424262358913e-45,
            5.073782144275434e-51,
            4.054207862124445e-46
        ]
    },
    "tnc_params": {
        "fare": 2.7061144466319003,
        "capacity_ratio_to_MaaS": 0.0,
        "lambda_T": 0.9991055877472526
    },
    "maas_params": {
        "fare": 2.999999576033254,
        "share_TNC": 0.20000147506077753,
        "lambda_M": 0.9999950000352535
    },
    "profits": {
        "tnc_profit": -24807.07946979597,
        "maas_profit": 5.96434212477288e-43
    }
}