{
    "tnc_capacity": 4000,
    "final_allocation": {
        "TNC": [
            3.6167681611587716e-14,
            1.46859079769921e-22,
            2.4653220725242568e-11,
            2.428721290087866e-06
        ],
        "MT": [
            149.9999900204807,
            99.99999998131783,
            99.99997417410522,
            99.97646099166856
        ],
        "MaaS": [
            9.979519233272623e-06,
            1.8682534578845593e-08,
            2.5825870005061267e-05,
            0.023536579609978323
        ]
    },
    "tnc_params": {
        "fare": 1.9999876134879735,
        "capacity_ratio_to_MaaS": 0.6336994294773572,
        "lambda_T": 0.0
    },
    "maas_params": {
        "fare": 1.00002373855482,
        "share_TNC": 0.3000001199864125,
        "lambda_M": 0.8675494334072225
    },
    "profits": {
        "tnc_profit": -748.6271190584321,
        "maas_profit": -2376.359772200571
    }
}