{
    "tnc_capacity": 30000,
    "final_allocation": {
        "TNC": [
            9.324476015264956e-96,
            1.593005344375195e-110,
            1.3327966551119416e-108,
            1.0505254363746501e-107
        ],
        "MT": [
            1.626973802747132,
            4.629455072865405e-57,
            8.388842651449073e-17,
            2.511854742170353e-15
        ],
        "MaaS": [
            148.3730261972524,
            99.9999999999992,
            99.9999999999992,
            99.9999999999992
        ]
    },
    "tnc_params": {
        "fare": 0.08125946399849597,
        "capacity_ratio_to_MaaS": 1.0,
        "lambda_T": 0.0
    },
    "maas_params": {
        "fare": 5.834869415827909,
        "share_TNC": 1.0,
        "lambda_M": 0.0
    },
    "profits": {
        "tnc_profit": 65625.0,
        "maas_profit": -44438.40535592312
    }
}