{
    "tnc_capacity": 1000000,
    "final_allocation": {
        "TNC": [
            45281.14922436188
        ],
        "MT": [
            19800.65926780221
        ],
        "MaaS": [
            14918.191507835274
        ]
    },
    "tnc_params": {
        "fare": 0.9642147037972644,
        "capacity_ratio_to_MaaS": 0.09195724964913365,
        "lambda_T": 1.1552936866840722
    },
    "maas_params": {
        "fare": 0.7123866287355101,
        "share_TNC": 0.2806088165517169,
        "lambda_M": 0.0
    },
    "profits": {
        "tnc_profit": 486157.4804425787,
        "maas_profit": -20802.12683671934
    }
}