{
    "tnc_capacity": 1000,
    "final_allocation": {
        "TNC": [
            0.6481973701046959,
            2.228069657108594e-08,
            90.41580705350728,
            88.27642022039473
        ],
        "MT": [
            31.688065540999048,
            99.33425638918874,
            0.030520513109914,
            0.012285554362562356
        ],
        "MaaS": [
            117.66373708889614,
            0.6657435885305125,
            9.553672433382705,
            11.711294225242629
        ]
    },
    "tnc_params": {
        "fare": 1.9579913794100576,
        "capacity_ratio_to_MaaS": 0.04946533799798183,
        "lambda_T": 0.8489478745745814
    },
    "maas_params": {
        "fare": 0.8363841562248057,
        "share_TNC": 0.006569996300587419,
        "lambda_M": 0.9996280306584672
    },
    "profits": {
        "tnc_profit": 1248.072432232502,
        "maas_profit": 532.8509789862374
    }
}