{
    "tnc_capacity": 8000,
    "final_allocation": {
        "TNC": [
            1.658848600527713e-32,
            99.35172808934279,
            5.440854895401175e-16,
            1.426810815587142e-10
        ],
        "MT": [
            4.006824952230541,
            0.4878783126394733,
            99.99999997971267,
            99.99999744550942
        ],
        "MaaS": [
            145.99317504776943,
            0.1603935980176453,
            2.0287228377286287e-08,
            2.554347804115284e-06
        ]
    },
    "tnc_params": {
        "fare": 4.682835299382764,
        "capacity_ratio_to_MaaS": 0.45632850994270274,
        "lambda_T": 0.0
    },
    "maas_params": {
        "fare": 1.312502579526086,
        "share_TNC": 0.4349008948124769,
        "lambda_M": 1.0516118741628844
    },
    "profits": {
        "tnc_profit": 4951.229402064389,
        "maas_profit": -9489.877327111273
    }
}