{
    "tnc_capacity": 8000,
    "final_allocation": {
        "TNC": [
            6.22661359967338e-08,
            2.7109840301128373e-16,
            0.0004435054273078411,
            0.36152745801147584
        ],
        "MT": [
            149.99861138689644,
            99.99999741567854,
            99.99134512310401,
            98.22066417877906
        ],
        "MaaS": [
            0.0013885508371635602,
            2.584321327588041e-06,
            0.008211371468592429,
            1.4178083632093579
        ]
    },
    "tnc_params": {
        "fare": 1.9949928689835923,
        "capacity_ratio_to_MaaS": 0.47800120953788705,
        "lambda_T": 0.0
    },
    "maas_params": {
        "fare": 1.0006161316854243,
        "share_TNC": 0.300000422116482,
        "lambda_M": 0.9593131546321169
    },
    "profits": {
        "tnc_profit": -2661.9555054527727,
        "maas_profit": -3584.195152361068
    }
}