{
    "tnc_capacity": 8000,
    "final_allocation": {
        "TNC": [
            8.128703179367644e-15,
            100.0,
            0.003331316168123382,
            0.0016138333127593675
        ],
        "MT": [
            0.7406709315539192,
            7.199534716388739e-24,
            99.99453744178717,
            0.41160606925188875
        ],
        "MaaS": [
            149.25932906844602,
            6.584650724045107e-38,
            0.0021312420445640506,
            99.58678009743527
        ]
    },
    "tnc_params": {
        "fare": 4.1092963765583175,
        "capacity_ratio_to_MaaS": 0.3306736997437946,
        "lambda_T": 0.49161920431797296
    },
    "maas_params": {
        "fare": 1.6573001157820113,
        "share_TNC": 0.32962230154976746,
        "lambda_M": 0.9984518498693735
    },
    "profits": {
        "tnc_profit": 14122.276785336366,
        "maas_profit": -521.0230931925471
    }
}