{
    "tnc_capacity": 6000,
    "final_allocation": {
        "TNC": [
            194.37934363529166,
            3.3344738984982705e-41,
            8.165114164674148e-36
        ],
        "MT": [
            5.62065636470817,
            149.99999999999847,
            99.9999999999992
        ],
        "MaaS": [
            1.3574108212061908e-42,
            1.0448292249097045e-47,
            1.4694020482668488e-44
        ]
    },
    "tnc_params": {
        "fare": 1.1293725672691473,
        "capacity_ratio_to_MaaS": 0.0,
        "lambda_T": 0.2669592585693326
    },
    "maas_params": {
        "fare": 2.993036043180438,
        "share_TNC": 0.22404694638105213,
        "lambda_M": 0.9999930614779978
    },
    "profits": {
        "tnc_profit": -47688.458764526236,
        "maas_profit": 1.1678011153808035e-40
    }
}