{
    "tnc_capacity": 32000,
    "final_allocation": {
        "TNC": [
            1.8913906868889834e-34,
            1.4024610109693063e-38,
            1.4302799235803207e-41
        ],
        "MT": [
            1.3789308624779064,
            3.7349839455021937e-07,
            0.002810427426103542
        ],
        "MaaS": [
            198.621069137522,
            149.9999996265014,
            99.99718957257379
        ]
    },
    "tnc_params": {
        "fare": 3.0161358592488035,
        "capacity_ratio_to_MaaS": 1.0,
        "lambda_T": 0.983902585620356
    },
    "maas_params": {
        "fare": 6.513347593961735,
        "share_TNC": 1.0,
        "lambda_M": 1.7253067965341335
    },
    "profits": {
        "tnc_profit": 0.0,
        "maas_profit": -248162.75447954776
    }
}