{
    "tnc_capacity": 15000,
    "final_allocation": {
        "TNC": [
            144.96587030001047,
            100.0,
            98.64458468953701,
            16.154244042107777
        ],
        "MT": [
            2.0889256541452185e-15,
            1.1432114584087153e-49,
            0.04306343353589786,
            58.62488810688589
        ],
        "MaaS": [
            5.034129699989397,
            2.626991432101478e-28,
            1.3123518769270426,
            25.22086785100628
        ]
    },
    "tnc_params": {
        "fare": 2.064036230910518,
        "capacity_ratio_to_MaaS": 0.26946705479318867,
        "lambda_T": 0.0
    },
    "maas_params": {
        "fare": 0.7265075299878286,
        "share_TNC": 0.3997282771672389,
        "lambda_M": 0.9588266190753683
    },
    "profits": {
        "tnc_profit": -9213.248964259255,
        "maas_profit": -16304.523506333688
    }
}