{
    "tnc_capacity": 15000,
    "final_allocation": {
        "TNC": [
            140.47674813113525,
            99.99728513442881,
            0.0003787065326552622,
            0.002610711662748256
        ],
        "MT": [
            7.194984476117921e-34,
            8.275530254093221e-57,
            4.2457787825444875e-09,
            0.01715158400367088
        ],
        "MaaS": [
            9.523251868864673,
            0.002714865571153749,
            99.99962128922144,
            99.9802377043335
        ]
    },
    "tnc_params": {
        "fare": 0.658458082626088,
        "capacity_ratio_to_MaaS": 0.43236753482835655,
        "lambda_T": 0.0
    },
    "maas_params": {
        "fare": 0.31758496712973205,
        "share_TNC": 0.6519815314611305,
        "lambda_M": 1.339409917778779
    },
    "profits": {
        "tnc_profit": -14780.23430129133,
        "maas_profit": -26144.856465811536
    }
}